id,question,ret
1,"""请问你们家的商品支持7天无理由退换货吗？"",
""需要自己承担运费吗？""",您好，我们支持7天无理由退换货，但具体是否支持取决于商品状态、订单时间和平台规则。若在支持范围内，您可申请退货、换货或退款；关于运费，通常需要您自行承担。
2,"""我想咨询一下，你们的售后维修服务范围是什么？"",
""如果是人为损坏的，能维修吗？维修费用怎么算？""",您好，关于您的问题：1. 售后维修服务范围：我们提供全国大部分地区的售后维修服务。 若在质保期内且属于非人为故障，一般可申请免费维修或检测。 2.
3,"""请问你们的商品能开发票吗？发票类型是什么？"",
""多久能收到呢？""",您好，关于您的问题：1. 我们支持开具电子发票，主要为企业抬头的电子发票，请您准备好公司名称、税号和邮箱等信息。2. 一般情况下，发票会在订单完成后1-3个工作日内发送到您提供的邮箱。
4,"""我收到商品后，发现包装破损了，怎么办？"",
""影响商品退换货吗？""",您好，关于您的问题：1. 包装破损处理：请先保留包装和商品照片、开箱视频等凭证，并提供订单号。 客服核实后可安排补发、换货或退款，若属商家或物流责任，相关运费通常不由用户承担。 2.
6,"""我想了解一下你们的退款政策，退款多久能到账？"",
""信用卡会原路返回吗？""",关于您的问题：1. 退款通常会在审核通过后原路退回，到账时间受支付渠道影响。2. 如果您使用信用卡支付，退款会退回到原信用卡账户。
7,"""我收到的商品和图片不一样，颜色偏差很大，我要投诉！""",非常抱歉给您带来了不愉快的购物体验。请您提供一下订单号以及商品照片，我们会尽快为您核实处理，并根据实际情况安排退换货或补偿。感谢您的理解与配合。
8,"""你们的商品存在虚假宣传，宣传的功能和实际不一样，我要投诉！""",您好，对于您反馈的商品存在虚假宣传的问题，我们深感歉意。请您提供订单号、商品照片以及具体问题描述等凭证，我们会尽快核实情况并根据结果为您安排退换货、退款或补偿。感谢您的理解与支持。
9,"""我收到的商品少了一件，联系客服说会补发，但是过了一周还没补发！""",您好，对于您遇到的问题我们深感抱歉。请您先保留好商品的照片和订单号，联系我们的客服进行核实。我们会尽快为您处理补发事宜。
10,"""你们的售后维修服务太差了，我送修的商品，过了半个月还没修好！""",非常抱歉给您带来了不愉快的体验。请您提供一下维修单号或订单号，我们会尽快为您查询维修进度，并协助催办。
11,"""你们的商品保质期有问题，我收到的商品还有1个月就过期了！""",非常抱歉给您带来了不愉快的购物体验。请您提供一下订单号以及商品包装上的生产日期或保质期照片，我们会尽快为您核实情况并根据实际情况安排退换货处理。
12,"""你们的快递员态度特别差，送货时还辱骂我，我要投诉！""",非常抱歉给您带来了不愉快的体验，我们对此深感歉意。请您提供一下订单号以及相关情况的具体描述，我们会尽快核实处理，并对快递员的行为进行严肃处理。
13,"""你们的商品存在质量问题，我使用了一次就坏了，联系客服没人管！""",非常抱歉给您带来了不愉快的体验。请您提供一下订单号以及商品出现问题的照片和具体描述，我们会尽快为您核实情况并根据结果安排退换货或退款处理。
14,"""我收到的商品被拆封过，里面还有污渍，明显是二手商品，我要投诉！""",非常抱歉给您带来了不愉快的购物体验。请您提供订单号以及商品照片，我们会尽快为您核实情况并根据结果安排退换货或补偿。
15,"""你们的商品宣传是正品，但是我收到后验证是假货，我要投诉！""",非常抱歉给您带来了不愉快的购物体验。请您提供一下订单号以及商品的照片和问题描述，我们会尽快为您核实情况并根据结果安排退换货或退款处理。
16,"""我收到商品后，发现商品有轻微划痕，不影响使用，能申请换货吗？""",您好，对于商品有轻微划痕的情况，您可以申请换货。请先保留好商品包装和配件，并提供订单号以及商品照片作为凭证。具体处理结果以订单审核为准。
17,"""我想换货，但是原来的商品包装盒丢了，还能换吗？"",
""需要我额外支付包装费吗？""",您好，关于您的问题：1. 即使包装盒丢失，您仍然可以申请换货，但请尽量保留商品及配件齐全。 2. 通常情况下，若因商品本身问题导致的换货，不需要额外支付包装费。
18,"""我想退货，但是已经超过7天无理由退换货期限了，还能退吗？""",您好，超过7天无理由退换货期限后，能否退货取决于商品状态和平台规则。建议您提供订单号及商品照片等信息，我们会协助核实具体情况并给出处理方案。
19,"""请问你们的商品能提供纸质版说明书吗？"",
""电子版在哪里可以找到？""",您好，关于您的问题：1. 纸质版说明书：我们目前不提供单独的纸质版说明书。 2. 电子版说明书：您可以在我们的官方网站或产品页面下载电子版说明书。
20,"""请问你们家的商品能寄到国外吗？"",
""运费怎么算？大概需要多久能到？""",您好，关于您的问题：1. 我们目前支持配送到部分海外地区，但需要进一步核实您具体的收货地址。 2. 运费取决于订单金额、活动和地区，常规地区通常在下单后24-48小时内发货，配送时效约2-5个工作日，偏远或海外地区可能需要5-7个工作日或更久。
21,"""我购买的商品，想开发票抬头为公司，需要注意什么？"",
""抬头写错了，能重新开具吗？""",1. 开具公司抬头的发票需要提供公司名称、税号和邮箱等信息。 2. 如果抬头写错了，可以联系售后申请更正或重开，处理时效通常为1-3个工作日。
22,"""我收到商品后，发现商品有瑕疵，但是已经使用过了，能售后吗？"",
""换货还是只能维修？""",您好，关于您的问题：1. 已使用过的商品如有瑕疵，仍可申请售后处理。 2. 根据具体情况，可能提供换货或维修服务。
23,"""我想取消订单，但是订单已经付款了，能全额退款吗？""",您好，关于您的问题：1. 如果订单已经付款但未发货，您可以申请取消订单并全额退款。 2. 退款通常会原路退回，到账时间受支付渠道影响。
24,"""请问你们的商品有售后保障卡吗？"",
""卡丢了，还能享受售后服务吗？""",您好，关于您的问题：1. 我们的产品通常会随附售后保障卡。2. 即使卡片丢失，只要在保修期内且能提供购买凭证，仍然可以享受售后服务。
25,"""请问你们家支持以旧换新服务吗？""",您好，我们目前不支持以旧换新服务。如需了解其他售后服务，请您继续咨询。
26,"""请问你们的智能客服能解答哪些问题？"",
""智能客服解答不了的问题，怎么办？""",您好，关于您的问题：1. 智能客服可以解答产品技术与使用问题，例如指示灯闪烁含义、安装步骤、故障排查、功能说明、操作指南等。2. 对于智能客服无法解答的问题，您可以联系我们的在线人工客服，提供具体问题和相关信息，我们会尽快为您解决。
33,"""家支持7天无理由退货吗？"",
""需要满足什么条件？""",支持7天无理由退货。需要满足的条件包括：商品状态完好、包装和配件齐全，并且在订单签收后的7天内申请。具体处理以订单审核为准。
34,"""我购买的商品，收到后发现少发了一件，怎么办？"",
""什么时候能补寄？需要我承担运费吗？""",您好，关于您的问题：1. 少发商品处理：请您先保留好包装和商品照片、开箱视频等凭证，并提供订单号。 客服核实后会为您安排补发。 2.
35,"""想换成其他款式，能换货吗？""",您好，可以申请换货，但需要看商品状态和订单时间是否符合平台规则。请保持商品包装和配件齐全，并提交换货申请，具体处理以订单审核为准。
36,"""请问商品的生产日期是什么时候？""",您好，暂未查询到相关产品信息，已为您转接人工客服。
37,"""请问你们的商品能提供上门安装服务吗？""",您好，关于您的问题：1. 上门安装服务：部分大家电支持预约上门安装，是否免费需以商品页面、订单服务说明或活动规则为准。 2. 若安装人员违规收费，请保留凭证并联系客服核实处理。
38,"""请问你们的商品能提供试用装吗？""",您好，我们是否提供试用装取决于具体的活动规则和商品类型。建议您查看相关活动页面或联系客服确认详情。
39,"""我购买的商品，使用一段时间后出现质量问题，还能售后吗？""",您好，对于您遇到的商品质量问题我们深感抱歉。请您提供订单号、商品照片以及具体的问题描述，我们会尽快为您核实情况并根据结果安排退换货或补偿等处理方案。
40,"""我想给商品更换成更大的尺寸，能换吗？"",
""尺寸差价怎么处理？""",您好，关于您的问题：1. 更换商品尺寸：健身追踪器出厂已安装小号表带，包装盒内另附一条大号底部表带。您可以根据需要更换不同尺寸的表带。2. 尺寸差价处理：如需更换不同尺寸的商品，请联系客服支持，我们将根据具体情况为您处理差价问题。
41,"""快递丢失了，怎么办？""，
""这种情况你们会怎么赔偿？多久能解决？""",您好，关于您的问题：1. 快递丢失处理：请您先联系快递公司确认包裹状态。 若确认丢失，请提供订单号和相关凭证给我们，我们将协助您处理。 2.
42,"""我购买的商品，想申请退款，但是已经使用过了，能退吗？""",您好，已经使用过的商品是否可以退款需要根据商品状态和平台规则来判断。请您保持商品包装和配件齐全，并提交退货申请，具体处理结果以订单审核为准。
43,"""我购买的商品，快递送达时，我不在家，怎么办？""",您好，关于您的问题：1. 如果快递送达时您不在家，建议您联系快递员重新安排送货时间或选择附近的快递柜/代收点。 2. 请保持手机畅通以便快递员与您联系。
44,"""请问你们的优惠券能用于所有商品吗？""",您好，关于您的问题：优惠券的使用范围可能因具体活动而异。一般来说，部分优惠券可以用于所有商品，但有些优惠券可能仅限于特定商品或类别。建议您在使用优惠券前仔细阅读相关说明或联系客服确认。
45,"""请问你们的商品能提供终身维修服务吗？""",您好，我们提供的维修服务通常取决于产品的具体政策和故障类型。在质保期内且非人为损坏的情况下，可以申请免费维修或检测。终身维修服务并不适用于所有商品，请您查看具体商品页面的保修说明或联系客服确认。
46,"""我上个月购买的家电，使用不到一个月就出现故障，联系售后寄回维修，现在已经维修15天了，还没收到，而且我发现商品是翻新机，并非全新，要求退货退款并赔偿，请问该怎么处理？""",您好，关于您的问题：1. 维修超时：我们非常抱歉给您带来了不便。 请您提供维修单号或订单号，我们将为您升级催办并核实进度。 2.
47,"""我在你们平台批量购买了100件商品用于企业采购，收到货后发现有20件存在质量问题，15件少发，而且发票开错了抬头，需要重新开具，同时想申请质量问题商品的换货和少发商品的补寄，请问流程是什么？"",",您好，关于您的问题：1. 质量问题商品换货：请提供订单号、商品照片及问题描述，我们将协助核实并安排换货。 2. 少发商品补寄：请保留包装和商品照片，并提供订单号，核实后我们会尽快为您补发。
48,"""我购买的食品类商品，收到后发现生产日期临近过期，而且包装破损，部分商品受潮无法食用，我要求退货退款并赔偿，同时担心食用了受潮商品影响健康，请问能提供相关保障吗？""",您好，关于您的问题：1. 退货退款：请您先保留好包装破损和商品受潮的照片或视频作为证据，并提供订单号，我们会尽快为您核实处理。 2. 赔偿：若确认是我们的责任，我们将根据实际情况进行相应赔偿。
49,"""我购买的商品包装破损，商品出现损坏，而且快递员拒绝承认是运输问题，同时我已经签收商品，请问还能申请售后吗？""",您好，关于您的问题：1. 包装破损和商品损坏：请您先保留好包装和商品的照片、开箱视频等凭证，并提供订单号。 2. 快递员拒绝承认运输问题：我们客服会根据您提供的证据进行核实，如确认是物流责任，相关运费通常不由用户承担。
50,"""我购买的大家电需要上门安装，但是安装人员上门后说需要额外收取配件费，而且安装服务原本应该是免费的，同时安装人员操作不规范，导致家电出现轻微损坏，请问该怎么处理？""",您好，关于您的问题：1. 安装费用：部分大家电支持预约上门安装，是否免费需以商品页面、订单服务说明或活动规则为准。 若安装人员违规收费，请保留凭证并联系客服核实处理。 2.
51,"""我购买的商品在质保期内出现质量问题，寄回维修后，维修人员说需要更换配件，而且要收取配件费，但是质保期内应该免费维修，同时维修时间已经超过承诺的7天，请问该怎么处理？"",",您好，关于您的问题：1. 质保期内维修费用：根据我们的保修政策，在质保期内因材料或工艺缺陷导致的问题应免费维修。如果需要更换配件且该配件属于保修范围，则不应收取额外费用。2. 维修时间：我们承诺的维修时间为7天内完成，若已超过此期限，请您提供维修单号，我们将为您查询具体情况并尽快处理。对于给您带来的不便，我们深感歉意。如有其他疑问欢迎随时咨询。
52,"""我购买的大型设备需要上门检修，但是检修人员上门后说设备故障无法现场修复，需要拉回仓库维修，而且维修时间不确定，同时我担心设备拉回过程中出现损坏，请问该怎么处理？""",您好，关于您的问题：1. 设备需要拉回仓库维修：如果检修人员已经确认设备故障无法现场修复，那么将设备拉回仓库进行进一步的检查和维修是必要的。2. 维修时间不确定：具体的维修时间取决于故障的具体情况以及仓库的工作安排，建议您与检修人员或客服保持联系以获取最新的维修进度。3. 担心设备在运输过程中损坏：根据保修政策，运输途中造成的损坏不在保修范围内，但您可以向承运方提出索赔。同时，我们也会尽量确保设备在运输过程中的安全。如有其他疑问欢迎随时咨询。
53,"""我想试用商品，但是试用期间商品出现故障，而且不是人为操作导致的，同时我想延长试用期限，请问可以吗？另外故障商品能更换吗？""",您好，关于您的问题：1. 试用期间商品出现非人为故障：根据我们的保修政策，在保修期内，如果产品被合理判定存在制造缺陷，我们将提供免费维修服务。若无法修复，我们会为您更换产品（可能需要额外费用升级）。2. 延长试用期限：我们目前没有延长试用期的政策，建议您尽快完成试用并反馈问题。3. 故障商品更换：如前所述，若产品在保修期内且经确认为非人为损坏，可以申请更换。请您通过售后支持网站提交申请，并附上购买凭证副本以获取退货授权（RMA）编号。
54,"""我购买的商品，收到后发现是临期商品（还有15天过期），但下单时页面未标注临期，而且商品包装上也没有临期提示，我要求退货退款并赔偿，请问可以吗？""",您好，对于您收到的临期商品问题，建议您先保留商品包装和订单信息的照片，并联系我们的客服进行核实。若情况属实，我们将根据平台规则为您处理退货退款事宜。关于赔偿问题，需要客服进一步核实后给出具体方案。
55,"""我购买的商品，收到后发现商品的颜色和详情页描述的不一致，详情页是深红色，实际收到的是浅红色，而且商品有轻微的异味，想申请换货""",您好，对于您遇到的问题我们深感歉意。请您提供订单号、商品照片以及问题描述等凭证，我们会尽快为您核实处理。如确认存在颜色不符和异味问题，我们将为您安排换货服务。
57,"""我购买的商品，快递寄到后，我拆开包装发现商品损坏，但是快递员已经离开，没有当场验货，请问还能申请售后吗？""",您好，关于您的问题：1. 请先保留商品和包装的照片或开箱视频等凭证。 2. 提供订单号联系客服，我们会为您核实情况并安排补发、换货或退款。
58,"""我购买的商品，使用时发现商品的功能和详情页描述的不一致，详情页说支持无线充电，实际不支持，而且商品的续航时间也比描述的短很多，要求退货退款并赔偿，请问可以吗？"",",您好，对于您遇到的问题我们深感抱歉。 关于您的问题：1. 产品功能与描述不符：请您提供订单号、商品照片及详细的问题描述，我们会尽快核实情况。 2.
64,"""使用吹风机时，人员需要佩戴哪些防护装备？""",使用吹风机时，人员需要佩戴以下防护装备：1. 合格的听力防护装备 2. 合格的眼部防护装备。3. 在多尘环境中操作时佩戴面罩。4. 防滑鞋底的工作靴或工作鞋 5. 急救箱。
65,"""操作吹风机时，人员需要注意哪些安全要点？""",操作吹风机时，人员需要注意以下安全要点：1. 禁止无关人员及动物进入距操作人员 10 米范围内。2. 吹风机可能高速喷射物体，严禁将吹风机喷口对准人或动物。3. 安装或拆卸配件及其他部件前必须先关闭发动机。4. 任何防护装置缺失时严禁操作吹风机。5. 严禁在通风不良的空间操作吹风机，避免吸入废气。6. 加油前必须关闭发动机。7. 操作时需小心，尤其是左手操作时。避免身体直接接触排气口区域。8. 站在梯子或支架上时严禁操作吹风机。9. 佩戴合格的听力防护装备、眼部防护装备，在多尘环境中操作时佩戴面罩，穿着防滑鞋底的工作靴或工作鞋。10. 饮酒、服药后或疲劳状态下请勿操作吹风机。11. 禁止未成年人操作吹风机。
66,"""使用吹风机时，如何调节化油器？""",吹风机的化油器调节方法如下：\\n1. 低速油针 L 调节：首先将 H、L 调节螺钉逆时针旋至限位终点。启动吹风机发动机，怠速与半油门交替运转 1-2 分钟预热。若发动机无法怠速运转，顺时针旋动 T 螺钉直至正常怠速。然后微调 L 螺钉，使发动机达到最大怠速转速，再将 L 螺钉逆时针旋出最多 1/4 圈。必要时旋动 T 螺钉提升发动机转速。\\n2. 高速油针 H 调节：启动吹风机，怠速与半油门交替运转 1-2 分钟预热。全开油门，调节 H 螺钉直至发动机达到最大转速。最后将 H 螺钉逆时针旋 1/8 圈（若限位限制则小于 1/8 圈）。
67,"""吹风机冷机时，该如何启动？""",您好，关于您的问题：冷机启动吹风机时，请按照以下步骤操作：1. 将停机开关调至启动位置。2. 将阻风门控制器调至阻风门位置（A），该位置同时为自动启动油门位置。3. 反复按压泵油膜片直至燃油充满膜片，无需完全充满。4. 左手将设备机身按压在地面（注意！切勿用脚踩压）。右手握紧启动手柄，缓慢拉动启动绳至感受到阻力（启动钩啮合），然后快速用力拉动。5. 发动机点火后立即按下阻风门控制器，重复操作直至发动机启动。发动机启动后迅速全开油门，启动油门自动解除。
68,"""吹风机热机时，该如何启动？""",您好，关于您的问题：吹风机热机时启动步骤如下：1. 将阻风门旋钮推回原位。2. 缓慢拉动反冲启动器至感觉受力，然后快速拉动。3. 发动机启动后预热，直至阻风门旋钮推回原位发动机也不会熄火。4. 将阻风门旋钮推回原位。
69,"""该如何关闭吹风机？""",关闭吹风机的方法是通过停机开关切断点火电源关闭发动机。
70,"""空调的重要组成部件有哪些？""","空调的重要组成部件包括室内机和室外机。室内机的主要部件有空气滤网、风扇、蒸发器等；室外机的主要部件有压缩机、冷凝器、风扇等。具体部件位置可以参考下图 <PIC> 。 , [""Manual01_0""]"
71,"""如何找到空调遥控器的按键？""","使用遥控器可更便捷地操作空调，附加功能的按键位于遥控器盖板下方。请打开遥控器盖板查看所有按键。<PIC> , [""Manual01_6""]"
72,"""如何给空调遥控器安装电池？""","给空调遥控器安装电池的步骤如下：1. 取下电池盖。<PIC>2. 装入新电池，确保电池正、负极安装正确。<PIC>3. 重新装上电池盖。请注意，适用电池型号为7号，并且切勿将不同型号电池混用，也切勿将新电池与旧电池混用，否则可能导致产品故障。 , [""drill0_04"", ""drill0_05""]"
73,"""如何安装空调遥控器支架？""","安装空调遥控器支架的步骤如下：1. 选择一个安全且便于取用的位置，避免阳光直射。<PIC>2. 使用螺丝刀将两颗螺丝拧紧，固定支架。<PIC>3. 将遥控器滑入支架中。<PIC> , [""drill0_04"", ""drill0_05"", ""drill0_06""]"
74,"""如何用空调快速调节室内温度？""","您好，要快速调节室内温度，您可以使用极速制冷/制热模式。具体步骤如下：1. 按下开/关键开启电源。2. 按下极速键。<PIC>在极速制冷模式下，空调将以18摄氏度的温度强风出风30分钟；在极速制热模式下，空调将以30摄氏度的温度强风出风30分钟。 , [""drill0_04""]"
75,"""如何使用空调的自清洁运行功能？""","使用空调的自清洁运行功能，请按照以下步骤操作：1. 按下自清洁键，显示屏上会显示自清洁标识。2. 若关闭电源，风扇将继续运行 30 分钟，对室内机内部进行清洁。<PIC> , [""Manual01_17""]"
76,"""如何使用空调的等离子净化功能？""","您好，使用空调的等离子净化功能，请按照以下步骤操作：1. 按下开 / 关键开启电源。2. 按下等离子键，显示屏上会显示等离子标识。<PIC>需要注意的是，部分机型不支持此功能。 , [""Manual03_14""]"
77,"""单冷型空调如何开启自动运行模式？""","单冷型空调开启自动运行模式的步骤如下：1. 按下开 / 关键开启电源。2. 反复按下模式键，选择自动运行模式。3. 若当前温度高于或低于所需温度，按下上升 / 下降键选择所需的运行代码。<PIC> , [""drill0_04""]"
78,"""如何使用空调的自动转换运行功能？""","使用空调的自动转换运行功能，请按照以下步骤操作：1. 按下开 / 关键开启电源。2. 反复按下模式键，选择自动转换运行模式，显示屏上会显示对应标识。<PIC>3. 按下上升 / 下降键设置所需温度，温度调节范围为 18 摄氏度-30 摄氏度。4. 反复按下风速键选择风扇转速。 , [""drill0_05""]"
79,"""如何开启空调的节能制冷模式？""","要开启空调的节能制冷模式，请按照以下步骤操作：1. 按下开 / 关键开启电源。2. 反复按下模式键，选择制冷模式。3. 按下节能键，显示屏上会显示节能标识。<PIC> , [""drill0_03""]"
80,"""无遥控器时如何操作空调？""","无遥控器时，您可以通过室内机的开 / 关键操作空调。具体步骤如下：1. 打开前盖板，轻轻掀起盖板两侧即可。<PIC>2. 按下开 / 关键。<PIC>此时风扇转速默认设为高速。- 冷暖型机型的运行模式会根据室内温度自动切换。<PIC>- 单冷型机型的温度将默认设为 22 摄氏度（71.6 华氏度）。 , [""Manual01_6"", ""drill0_05"", ""drill0_06""]"
81,"""如何让空调实现自动重启？""","您好，关于空调实现自动重启的功能，当停电后再次开启空调时，该功能可恢复之前的运行设置，此功能为工厂默认设置。如需关闭或重新开启自动重启功能，请按照以下步骤操作：1. 打开前盖板，轻轻掀起盖板两侧即可。<PIC>2. 按住开 / 关键 6 秒钟，设备会发出两声蜂鸣，指示灯闪烁 6 次。<PIC>3. 如需重新开启该功能，再次按住开 / 关键 6 秒钟即可，设备会发出两声蜂鸣，蓝色指示灯闪烁 4 次。<PIC>请注意，具体功能可能会根据机型有所不同。 , [""drill0_04"", ""drill0_05"", ""drill0_06""]"
82,"""不同型号空调的清洁频率是多少？""","建议每两周清洁一次空气滤网，必要时可增加清洁频率。不同型号的空调在清洁频率上没有特别的区别，但具体操作步骤可能会有所不同，请参考您空调的具体说明书进行操作。<PIC><PIC> , [""Manual01_27"", ""Manual01_28""]"
83,"""如何清洁空调的空气滤网？""","清洁空调的空气滤网步骤如下：\\n1. 关闭电源并拔下电源线。\\n2. 打开前盖板，轻轻掀起盖板两侧即可。<PIC>\\n3. 握住空气滤网的把手，轻轻向上提起，将其从机身中取出。<PIC>\\n4. 用吸尘器清理滤网，或用温水冲洗，若滤网污垢较难清理，可在温水中加入洗涤剂清洗。注意不要使用40摄氏度以上的热水，以免造成滤网变形或变色。\\n5. 将滤网置于阴凉处晾干。 , [""drill0_04"", ""drill0_05""]"
84,"""如何清洁空调的3M多重防护滤网？""","清洁3M多重防护滤网的步骤如下：1. 关闭电源并拔下电源线。2. 打开前盖板，取出空气滤网（详见 “清洁空气滤网”）。3. 抽出 3M 多重防护滤网。<PIC>4. 用吸尘器清理滤网污垢，切勿用水清洗 3M 多重防护滤网，以免造成滤网损坏。 , [""Manual01_27""]"
85,"""如何清洁空调的等离子滤网？""","清洁空调的等离子滤网步骤如下：1. 关闭电源并拔下电源线。2. 打开前盖板，取出空气滤网（详见 “清洁空气滤网”）。3. 在 10 秒内取下等离子滤网。<PIC>4. 用吸尘器清理滤网污垢，若污垢较难清理，可用温水冲洗。5. 将滤网置于阴凉处晾干。 , [""drill0_03""]"
86,"""如何快速组装蒸汽清洁机？""","蒸汽清洁机的快速组装步骤如下：1. 将主机身固定扣（部件 15）从主机身（部件 7）背部取下。2. 按图示将手柄杆（部件 4）插入主机身（部件 7），直至听到咔嗒声到位。<PIC>3. 安装拖布时，按下拖布释放扣（部件 17）拉开挡板，然后装入拖布（部件 16）。<PIC>4. 加水时，可以使用配套量杯按图示加水，也可以按下水箱解锁扣（部件 10），取下水箱在水槽加水。<PIC>5. 如果需要安装延长管，请先从手持蒸汽器（部件 13）底部孔位拔出转接头（部件 25），然后将延长管（部件 21）上的锁扣与手持蒸汽器机身（部件 13）卡槽对齐，插入延长管并顺时针旋转确保牢固锁定。<PIC> , [""drill0_04"", ""drill0_05"", ""drill0_06"", ""drill0_07""]"
87,"""蒸汽清洁机有哪些实用的产品功能？如何快速上手使用？""","蒸汽清洁机的实用功能包括：1. 水箱（部件 9）位于手持蒸汽器顶部，可使用蒸馏水或去离子水替代自来水。2. 就绪指示灯位于手持蒸汽器手柄处，当水转化为蒸汽、机器可使用时，指示灯亮起。3. 开关（部件 2 与部件 11）：按下出蒸汽。4. 旋转拖头（部件 18）：可清洁狭小空间及橱柜下方。5. 拖布（部件 16）：吸水纤维拖布可吸附蒸汽松动的污垢，拖布可重复使用、机洗。快速上手使用步骤如下：1. 安装拖布：按下拖布释放扣（部件 17）拉开挡板，装入拖布（部件 16）。2. 加水：使用配套量杯按图示加水，见图 A；也可按下水箱解锁扣（部件 10），取下水箱在水槽加水，见图 B。3. 插入 120V 接地插座，等待就绪指示灯亮起即可开始使用。<PIC><PIC> , [""drill0_04"", ""drill0_05""]"
88,"""如何使用蒸汽清洁机清洁硬质地面？""",在使用蒸汽清洁机清洁硬质地面时，请遵循以下步骤：\\n1. 请先扫地或吸尘，确保地面无明显杂物。\\n2. 缓慢移动清洁机，同时按下开关出蒸汽。\\n3. 如需对区域消毒，将蒸汽拖把置于该区域至少15秒，但不超过20秒。\\n4. 不出蒸汽时，请拔掉电源、取下水箱加水后继续清洁。\\n注意：首次使用时，机器可能需要数秒才出蒸汽。\\n此外，本蒸汽清洁机适用于瓷砖、Vinyl地板、复合地板、大理石、石材及封边木地板。不建议在未封边木地板上使用。
89,"""组装人体工学椅涉及哪些部件？""",组装人体工学椅涉及以下部件：C1、C2、脚轮、底座盖、气杆、底盘、脚踏、橡胶圈、座椅、椅背连接件、扶手、头枕与腰枕。
90,"""椅子的扶手使用一段时间后为什么会松动？""",大多数情况下，扶手和椅背的螺丝会在使用一段时间后松动，重新拧紧螺丝即可解决问题。
91,"""这款椅子有哪些功能？""","这款人体工学椅具有以下功能：1. 高度调节：向上拉起“升降”拉杆即可调节椅子高度，到达所需高度后松开拉杆。2. 椅背后仰功能：向上拉起“后仰”拉杆，椅背角度可随人体动作独立倾斜；向下按下“后仰”拉杆，椅背角度即可锁定。3. 按摩功能：插入USB即可启用腰枕的按摩功能。<PIC> , [""Manual02_14""]"
92,"""洗碗机的部件有哪些？""","洗碗机的主要部件包括：1. 台式（视型号而定）2. 上层喷淋臂 3. 下层碗篮 4. 下层喷淋臂 5. 过滤器 6. 控制面板 7. 机门 8. 洗涤剂盒 9. 下层喷淋臂槽 10. 餐具篮 11. 专用盐箱盖 12. 上层篮导轨 13. 带支架的上层碗篮 14. 风扇烘干系统（视型号而定）<PIC> , [""drill0_04""]"
93,"""首次使用时，如何将洗碗机连接到排水口？""","首次使用时，将洗碗机连接到排水口的步骤如下：1. 排水管可直接连接到排水孔或水槽排水口。2. 连接点距地面高度最小 50 厘米，最大 100 厘米。<PIC>3. 排水管长度超过 4 米会导致洗涤不干净。4. 将排水管平直连接到排水管，不得弯折。5. 牢固固定排水管，防止工作时脱落。<PIC>6. 排水管必须连接到污水系统，不得连接到地表水。 , [""drill0_04"", ""drill0_05""]"
94,"""使用前如何为洗碗机添加专用盐？""","使用前为洗碗机添加专用盐的步骤如下：1. 先取出下层碗篮以便添加软化盐。2. 逆时针旋转盐箱盖打开。<PIC>3. 首次使用前，向软水系统注入 1 升水。<PIC>4. 使用盐斗向盐箱加盐。为加速盐的溶解，可用勺子搅拌。<PIC>5. 盐箱约可装入 2 公斤软化盐。6. 盐箱加满后盖上盖子并拧紧。7. 若加盐后不立即启动洗涤程序，请空载运行最短程序，溶解并冲散机器内散落的盐。 , [""drill0_04"", ""drill0_05"", ""drill0_06""]"
95,"""如何为洗碗机添加洗涤剂？""","请按照以下步骤为洗碗机添加洗涤剂：1. 向右推动卡扣打开洗涤剂盒盖（A）。 <PIC> 2. 向洗涤剂盒中加入建议量的粉末或块状洗涤剂。 洗涤剂盒内有刻度标记，帮助您使用适量的洗涤剂。3. 轻轻按下关闭洗涤剂盒盖，听到咔嗒声表示已关紧。 , [""drill0_04""]"
96,"""如何为洗碗机添加洗涤块？""","为洗碗机添加洗涤块的步骤如下：1. 向右推动卡扣打开洗涤剂盒盖（A）。2. 向洗涤剂盒中加入建议量的洗涤块。洗涤剂盒内有刻度标记，帮助您使用适量的洗涤剂。3. 轻轻按下关闭洗涤剂盒盖，听到咔嗒声表示已关紧。在带预洗的高温程序中使用块状洗涤剂时，请确保洗涤剂盒盖紧闭。<PIC> 请根据洗涤块包装上的说明确定合适的放置位置（洗涤剂盒、碗篮等）。 , [""drill0_07""]"
97,"""如何在洗碗机中添加和使用亮碟剂以获得更好的洗涤效果？""","您好，关于如何在洗碗机中添加和使用亮碟剂以获得更好的洗涤效果，请参考以下步骤：1. 查看亮碟剂指示灯（10），判断是否需要添加亮碟剂。指示灯常亮表示亮碟剂盒内充足，若指示灯熄灭则需添加。<PIC> 2. 按下卡扣打开亮碟剂盒盖（B）。<PIC> 3. 向盒内加注至 MAX 刻度线。<PIC> 4. 轻轻按下关闭盒盖。擦净溢出的亮碟剂。5. 将亮碟剂剂量调节旋钮手动调至 1-6 之间的位置（4）。若洗涤后餐具上有污渍，需调高剂量；若手擦后有蓝色痕迹，则调低剂量。出厂默认设置为 4。<PIC> , [""drill0_07"", ""drill0_08"", ""drill0_09"", ""drill0_10""]"
98,"""哪些物品不适合在洗碗机中清洗？""",不适合在洗碗机中清洗的物品包括：沾有烟灰、蜡烛残渣、抛光剂、染料、化学品等的餐具；铁制器具，以免生锈或在其他物品上留下污渍；带有木质或骨质手柄、黏合部件、不耐热部件的银质餐具、刀具，以及铜和镀锡容器。瓷器的装饰花纹以及铝制和银质器具在洗碗机中清洗后可能会褪色或失去光泽。某些精致玻璃和水晶也可能会逐渐失去光泽。强烈建议您在购买餐具时确认是否适合洗碗机清洗。
99,"""如何根据洗碗机型号安装餐具篮？""","Request Failed: HTTPConnectionPool(host='localhost', port=8000): Read timed out. (read timeout=90)"
100,"""使用洗碗机前如何安装可折叠下层篮架？""","安装可折叠下层篮架的步骤如下：1. 洗碗机下层碗篮上的两根可折叠架丝设计用于更方便地放置锅、碗等大件物品。2. 您可单独或同时折叠每根架丝以创造更大空间。3. 按下卡扣（A）放下折叠架丝。<PIC> 请按照以上步骤进行操作，如有其他问题，请随时联系客服。 , [""洗碗机_04""]"
101,"""如何调节洗碗机满载时上下碗篮的高度？""","调节洗碗机满载时上下碗篮的高度，请按照以下步骤操作：\\n升高碗篮：1. 抓住上层篮一侧架丝（左或右）向上提起。2. 另一侧重复相同操作。3. 确保碗篮高度调节机构两侧处于同一水平（高或低）。 <PIC> \\n降低碗篮：1. 按下碗篮调节机构上的卡扣降低碗篮。2. 另一侧重复相同操作。3. 确保碗篮高度调节机构两侧处于同一水平（高或低）。 <PIC> , [""drill0_04"", ""drill0_05""]"
102,"""如何清洁洗碗机的进水管滤网？""","清洁洗碗机的进水管滤网步骤如下：1. 关闭水龙头并拆下水管。2. 取出滤网后在自来水下清洁。3. 将清洁后的滤网装回水管原位。4. 将水管装回水龙头。<PIC> , [""drill0_07""]"
103,"""如何清洁洗碗机的上层喷淋臂？""","检查上层喷淋臂（2）上的孔是否堵塞。若堵塞，拆下并清洁喷淋臂。向左旋转螺母拆下上层喷淋臂（C、D）。安装上层喷淋臂时确保螺母拧紧。<PIC> , [""drill0_07""]"
